{
  "type": "FeatureCollection",
  "features": [
    {
      "type": "Feature",
      "id": "R81kXXMDKSS9jlxXu26RDboIBmUM9hAr",
      "geometry": {
        "coordinates": [
          [
            [
              0.8951285468758279,
              49.29334461117813
            ],
            [
              0.8935858361808645,
              49.29470276130328
            ],
            [
              0.892012443530267,
              49.29385681418917
            ],
            [
              0.8919754106294088,
              49.293658046950526
            ],
            [
              0.8919290381974239,
              49.293411698539096
            ],
            [
              0.8918297173835451,
              49.29289714246453
            ],
            [
              0.8917983738016352,
              49.29268483702828
            ],
            [
              0.8915363406013787,
              49.29286584933412
            ],
            [
              0.8899732495992015,
              49.29221515633856
            ],
            [
              0.8879852030612934,
              49.2913714165029
            ],
            [
              0.8883513383669407,
              49.290946380577964
            ],
            [
              0.8885765277445317,
              49.29069889783997
            ],
            [
              0.8887809900602435,
              49.290502613187286
            ],
            [
              0.8890467434663862,
              49.29031929746948
            ],
            [
              0.8892994623382529,
              49.29018809937789
            ],
            [
              0.8895482535010826,
              49.290041628220386
            ],
            [
              0.8896664381398279,
              49.289865817629824
            ],
            [
              0.8896975163153054,
              49.28964855200812
            ],
            [
              0.8898007165543982,
              49.28916028596402
            ],
            [
              0.8898520803729117,
              49.289127071317544
            ],
            [
              0.8900673546116724,
              49.28919983563467
            ],
            [
              0.8903308939294049,
              49.28933768671451
            ],
            [
              0.8908250357805507,
              49.28952953055244
            ],
            [
              0.8919404977777746,
              49.28982739539481
            ],
            [
              0.8926865111161655,
              49.29002139125247
            ],
            [
              0.8932240924120228,
              49.290194811043506
            ],
            [
              0.8937428239870064,
              49.29040848311139
            ],
            [
              0.8946002636646371,
              49.29080822900887
            ],
            [
              0.8950483973758427,
              49.29104036639823
            ],
            [
              0.8954756963566779,
              49.29126670716843
            ],
            [
              0.8957219563211987,
              49.291382833042384
            ],
            [
              0.8959330277319771,
              49.29146978441596
            ],
            [
              0.8959291966905572,
              49.29147169150694
            ],
            [
              0.8958597742161086,
              49.291471479419386
            ],
            [
              0.8958607396698918,
              49.291471876638155
            ],
            [
              0.895529935029921,
              49.2916365315984
            ],
            [
              0.8947408527260324,
              49.292000789955125
            ],
            [
              0.8947399063389463,
              49.29200124016389
            ],
            [
              0.8942950904437074,
              49.29221920399361
            ],
            [
              0.8938361373153628,
              49.2924274197158
            ],
            [
              0.8938239985441139,
              49.29243601525158
            ],
            [
              0.8938185694592607,
              49.292447164868236
            ],
            [
              0.8938208720094739,
              49.29245876864093
            ],
            [
              0.8938304714500303,
              49.292468642772
            ],
            [
              0.8951162866700458,
              49.29331018234813
            ],
            [
              0.895098917044453,
              49.29332547439262
            ],
            [
              0.8951285468758279,
              49.29334461117813
            ]
          ]
        ],
        "type": "Polygon"
      },
      "properties": {
        "numero": "1",
        "ilot_numero": "1",
        "nom_affiche": "1-1",
        "cultureN_1": "LIF",
        "code_exploitation": "027161593",
        "surface_admissible": 1645,
        "annee": 2025,
        "import_year": 2025,
        "overlap_warning": false
      }
    },
    {
      "type": "Feature",
      "id": "KDczVhXbTicgNw4u9vqCbzsImRLHAZf1",
      "geometry": {
        "coordinates": [
          [
            [
              0.8958597742161086,
              49.291471479419386
            ],
            [
              0.8959291966905572,
              49.29147169150694
            ],
            [
              0.8955543140733961,
              49.291658285346315
            ],
            [
              0.8947646276306543,
              49.29202282378048
            ],
            [
              0.8943192084214872,
              49.292241082920945
            ],
            [
              0.893859636058169,
              49.292449579286654
            ],
            [
              0.8951706061817631,
              49.29330758204401
            ],
            [
              0.8951285468758279,
              49.29334461117813
            ],
            [
              0.895098917044453,
              49.29332547439262
            ],
            [
              0.8951162866700458,
              49.29331018234813
            ],
            [
              0.8938304714500303,
              49.292468642772
            ],
            [
              0.8938208720094739,
              49.29245876864093
            ],
            [
              0.8938185694592607,
              49.292447164868236
            ],
            [
              0.8938239985441139,
              49.29243601525158
            ],
            [
              0.8938361373153628,
              49.2924274197158
            ],
            [
              0.8942950904437074,
              49.29221920399361
            ],
            [
              0.8947399063389463,
              49.29200124016389
            ],
            [
              0.8947408527260324,
              49.292000789955125
            ],
            [
              0.895529935029921,
              49.2916365315984
            ],
            [
              0.8958607396698918,
              49.291471876638155
            ],
            [
              0.8958597742161086,
              49.291471479419386
            ]
          ]
        ],
        "type": "Polygon"
      },
      "properties": {
        "numero": "2",
        "ilot_numero": "1",
        "nom_affiche": "1-2",
        "cultureN_1": "BOR",
        "code_exploitation": "027161593",
        "annee": 2025,
        "import_year": 2025,
        "overlap_warning": false
      }
    },
    {
      "type": "Feature",
      "id": "Wuld3vr8oTq4genlXz5VmRTJlgyrxHlh",
      "geometry": {
        "coordinates": [
          [
            [
              0.9004157763456206,
              49.29543484446668
            ],
            [
              0.9000542699797999,
              49.29520734051356
            ],
            [
              0.9000401193288775,
              49.295189585807904
            ],
            [
              0.9009414703125173,
              49.29442463656236
            ],
            [
              0.9013020687977001,
              49.29458841536876
            ],
            [
              0.9004157763456206,
              49.29543484446668
            ]
          ]
        ],
        "type": "Polygon"
      },
      "properties": {
        "numero": "1",
        "ilot_numero": "2",
        "nom_affiche": "2-1",
        "cultureN_1": "JAC",
        "code_exploitation": "027161593",
        "surface_admissible": 39,
        "annee": 2025,
        "import_year": 2025,
        "overlap_warning": false
      }
    },
    {
      "type": "Feature",
      "id": "2ZUquFMMVDlTTz2DOd03pTxOZ2SXD8yf",
      "geometry": {
        "coordinates": [
          [
            [
              0.8988528328202835,
              49.29618495563801
            ],
            [
              0.8988618291448415,
              49.296189519490014
            ],
            [
              0.9000401193288775,
              49.295189585807904
            ],
            [
              0.9000542699797999,
              49.29520734051356
            ],
            [
              0.9004157763456206,
              49.29543484446668
            ],
            [
              0.8999139554266888,
              49.295914078578534
            ],
            [
              0.8993676745206861,
              49.29644539952666
            ],
            [
              0.899349313861816,
              49.29646325754345
            ],
            [
              0.8997869698631955,
              49.29668153272742
            ],
            [
              0.9002815485789107,
              49.29693327837125
            ],
            [
              0.899878690008716,
              49.29731478743678
            ],
            [
              0.899609090315184,
              49.29757785940586
            ],
            [
              0.8973709455632671,
              49.29645340561032
            ],
            [
              0.8976499355375523,
              49.29621845246112
            ],
            [
              0.8940137334937371,
              49.2943774644657
            ],
            [
              0.8944780594911508,
              49.29396554377179
            ],
            [
              0.8988528328202835,
              49.29618495563801
            ]
          ]
        ],
        "type": "Polygon"
      },
      "properties": {
        "numero": "2",
        "ilot_numero": "2",
        "nom_affiche": "2-2",
        "cultureN_1": "LIF",
        "code_exploitation": "027161593",
        "surface_admissible": 427,
        "annee": 2025,
        "import_year": 2025,
        "overlap_warning": false
      }
    },
    {
      "type": "Feature",
      "id": "xzWwVP2T3mOLw9ZZkbN40tDEoavlSZ6x",
      "geometry": {
        "coordinates": [
          [
            [
              0.9041989981795794,
              49.29016116032515
            ],
            [
              0.9037264102080294,
              49.290558719531376
            ],
            [
              0.9034661768398756,
              49.290383881352525
            ],
            [
              0.9033608568331013,
              49.29031374942125
            ],
            [
              0.9033386725770756,
              49.29030386965231
            ],
            [
              0.9033123949786976,
              49.29030030081508
            ],
            [
              0.9032890299573614,
              49.29030321497607
            ],
            [
              0.9031390626755736,
              49.29039327290501
            ],
            [
              0.9028159389950531,
              49.29015458392761
            ],
            [
              0.9022498172587787,
              49.28971885116417
            ],
            [
              0.9018426881279081,
              49.2893988959872
            ],
            [
              0.9017349153800505,
              49.28932088458936
            ],
            [
              0.9013913623345359,
              49.289450531467956
            ],
            [
              0.9008831541534247,
              49.289648692553975
            ],
            [
              0.9007394307949205,
              49.28964976190482
            ],
            [
              0.9007185294340664,
              49.28964939834791
            ],
            [
              0.9006993674642799,
              49.289662622304164
            ],
            [
              0.9006099288142452,
              49.28972064710826
            ],
            [
              0.9002037363028708,
              49.289987234906135
            ],
            [
              0.8997961632773914,
              49.28982670225109
            ],
            [
              0.8994155014778599,
              49.290159728499226
            ],
            [
              0.8994797317128113,
              49.29022636384816
            ],
            [
              0.8995685672504042,
              49.290272819009225
            ],
            [
              0.8994169796990836,
              49.29037740056652
            ],
            [
              0.8992983585285188,
              49.290393909294835
            ],
            [
              0.8985854690282846,
              49.29088572804481
            ],
            [
              0.8985830532128675,
              49.290886071765215
            ],
            [
              0.8985614319308933,
              49.29089568339725
            ],
            [
              0.8975321575158275,
              49.291572809893026
            ],
            [
              0.8973239006916154,
              49.29145323128655
            ],
            [
              0.8972443463150176,
              49.2914094514613
            ],
            [
              0.8970895899483978,
              49.29132012129216
            ],
            [
              0.8969935204806198,
              49.29131987631187
            ],
            [
              0.8996733961379918,
              49.28951804447716
            ],
            [
              0.8992544546195861,
              49.28921859092898
            ],
            [
              0.9009227889441799,
              49.288267117658
            ],
            [
              0.9023852061178086,
              49.287415538738216
            ],
            [
              0.9032517887975161,
              49.28826654274169
            ],
            [
              0.9035693067564476,
              49.28872227394017
            ],
            [
              0.903856118283641,
              49.289217919423564
            ],
            [
              0.9039720504114599,
              49.28919496942174
            ],
            [
              0.904265679574467,
              49.289280930086825
            ],
            [
              0.9044778327323114,
              49.289335898704216
            ],
            [
              0.9045570767131225,
              49.28939118973911
            ],
            [
              0.9048426320113476,
              49.28954086072678
            ],
            [
              0.9041989981795794,
              49.29016116032515
            ]
          ]
        ],
        "type": "Polygon"
      },
      "properties": {
        "numero": "1",
        "ilot_numero": "3",
        "nom_affiche": "3-1",
        "cultureN_1": "BTH",
        "code_exploitation": "027161593",
        "surface_admissible": 753,
        "annee": 2025,
        "import_year": 2025,
        "overlap_warning": true
      }
    },
    {
      "type": "Feature",
      "id": "Kdd7QyQuJ39xk7mQ1HLvvpGYLMV7f7HG",
      "geometry": {
        "coordinates": [
          [
            [
              0.90071965566324,
              49.28964945930357
            ],
            [
              0.9006993674642799,
              49.289662622304164
            ],
            [
              0.9007185294340664,
              49.28964939834791
            ],
            [
              0.9007394307949205,
              49.28964976190482
            ],
            [
              0.9008831541534247,
              49.289648692553975
            ],
            [
              0.9013913623345359,
              49.289450531467956
            ],
            [
              0.9017349153800505,
              49.28932088458936
            ],
            [
              0.9018426881279081,
              49.2893988959872
            ],
            [
              0.9022498172587787,
              49.28971885116417
            ],
            [
              0.9028159389950531,
              49.29015458392761
            ],
            [
              0.903140844576208,
              49.29039458980463
            ],
            [
              0.9031814768107438,
              49.290429268862
            ],
            [
              0.9024351511754098,
              49.290910306015114
            ],
            [
              0.9027081248273617,
              49.29110991030693
            ],
            [
              0.902527665381265,
              49.29111996645949
            ],
            [
              0.9022367318279456,
              49.291207702887874
            ],
            [
              0.9020186272798487,
              49.291271126977115
            ],
            [
              0.9017558715809264,
              49.291336748283754
            ],
            [
              0.9014596853968524,
              49.29142579169445
            ],
            [
              0.9012830896987148,
              49.2914720634112
            ],
            [
              0.9009377846180427,
              49.291666512406756
            ],
            [
              0.9003093823748961,
              49.29139937388164
            ],
            [
              0.8999980433747156,
              49.29128488595677
            ],
            [
              0.8999105960607596,
              49.29126918306445
            ],
            [
              0.8999865454156054,
              49.2908232485707
            ],
            [
              0.9000661742281753,
              49.29069616572807
            ],
            [
              0.9002027133199154,
              49.290600998526884
            ],
            [
              0.9004362763414898,
              49.29069309940671
            ],
            [
              0.9003856487374471,
              49.29074100354895
            ],
            [
              0.9006158468125128,
              49.29086040100528
            ],
            [
              0.9007319601504075,
              49.29079937355279
            ],
            [
              0.9004788389134185,
              49.2906938578025
            ],
            [
              0.9002400188738305,
              49.29056364481505
            ],
            [
              0.900392208152717,
              49.290439029114005
            ],
            [
              0.9006742381867185,
              49.29058142572216
            ],
            [
              0.9009133622987447,
              49.29043690741842
            ],
            [
              0.9007600531279161,
              49.290293299850795
            ],
            [
              0.9010202674378515,
              49.29015522085682
            ],
            [
              0.9012973134136296,
              49.28996048381582
            ],
            [
              0.9009825094581297,
              49.2897840057922
            ],
            [
              0.900972516386766,
              49.28978234012048
            ],
            [
              0.90071965566324,
              49.28964945930357
            ]
          ]
        ],
        "type": "Polygon"
      },
      "properties": {
        "numero": "2",
        "ilot_numero": "3",
        "nom_affiche": "3-2",
        "cultureN_1": "PPH",
        "code_exploitation": "027161593",
        "surface_admissible": 321,
        "annee": 2025,
        "import_year": 2025,
        "overlap_warning": false
      }
    },
    {
      "type": "Feature",
      "id": "4Ah0vwZJs3AqYPZC4Br9zQZDJ6cNEzHd",
      "geometry": {
        "coordinates": [
          [
            [
              0.8993110065776947,
              49.29134816205756
            ],
            [
              0.8986153134093273,
              49.29093046701285
            ],
            [
              0.8995685672504042,
              49.290272819009225
            ],
            [
              0.8996788152646983,
              49.29033047203258
            ],
            [
              0.8993863932280934,
              49.29059003079752
            ],
            [
              0.8994691505967254,
              49.29062156309827
            ],
            [
              0.8994353150151072,
              49.290678775993484
            ],
            [
              0.8997206690478674,
              49.290787687557966
            ],
            [
              0.8997884637467447,
              49.29074214082431
            ],
            [
              0.8999081529258106,
              49.29078876478317
            ],
            [
              0.8998235085422717,
              49.29123158758985
            ],
            [
              0.8996558751263729,
              49.291300118509156
            ],
            [
              0.8993110065776947,
              49.29134816205756
            ]
          ]
        ],
        "type": "Polygon"
      },
      "properties": {
        "numero": "3",
        "ilot_numero": "3",
        "nom_affiche": "3-3",
        "cultureN_1": "PPH",
        "code_exploitation": "027161593",
        "surface_admissible": 52,
        "annee": 2025,
        "import_year": 2025,
        "overlap_warning": true
      }
    },
    {
      "type": "Feature",
      "id": "L65w0h0WAiZCaL8ttYqY5SBXRZtsWBhw",
      "geometry": {
        "coordinates": [
          [
            [
              0.8973546253344881,
              49.29153305614705
            ],
            [
              0.8971994883111447,
              49.291443505484494
            ],
            [
              0.8972785658461464,
              49.29148700994968
            ],
            [
              0.8975353544820077,
              49.29163445502304
            ],
            [
              0.897142341988023,
              49.29189299881681
            ],
            [
              0.8969814005988851,
              49.29179673992547
            ],
            [
              0.8973546253344881,
              49.29153305614705
            ]
          ]
        ],
        "type": "Polygon"
      },
      "properties": {
        "numero": "4",
        "ilot_numero": "3",
        "nom_affiche": "3-4",
        "cultureN_1": "PPH",
        "code_exploitation": "027161593",
        "surface_admissible": 7,
        "annee": 2025,
        "import_year": 2025,
        "overlap_warning": false
      }
    },
    {
      "type": "Feature",
      "id": "E2aKEec4s95Ou6AtLFCBxJUYsDpNHaPj",
      "geometry": {
        "coordinates": [
          [
            [
              0.8992983585285188,
              49.290393909294835
            ],
            [
              0.8994169796990836,
              49.29037740056652
            ],
            [
              0.8986153134093273,
              49.29093046701285
            ],
            [
              0.8986101626904338,
              49.290927373803086
            ],
            [
              0.8975353544820077,
              49.29163445502304
            ],
            [
              0.8972785658461464,
              49.29148700994968
            ],
            [
              0.8971994883111447,
              49.291443505484494
            ],
            [
              0.8969897293401687,
              49.29132242530407
            ],
            [
              0.8969935204806198,
              49.29131987631187
            ],
            [
              0.8970895899483978,
              49.29132012129216
            ],
            [
              0.8972443463150176,
              49.2914094514613
            ],
            [
              0.8973227985253895,
              49.291452612278384
            ],
            [
              0.8973239006916154,
              49.29145323128655
            ],
            [
              0.8975321575158275,
              49.291572809893026
            ],
            [
              0.8985614319308933,
              49.29089568339725
            ],
            [
              0.8985830532128675,
              49.290886071765215
            ],
            [
              0.8985854690282846,
              49.29088572804481
            ],
            [
              0.8992983585285188,
              49.290393909294835
            ]
          ]
        ],
        "type": "Polygon"
      },
      "properties": {
        "numero": "5",
        "ilot_numero": "3",
        "nom_affiche": "3-5",
        "cultureN_1": "BTA",
        "code_exploitation": "027161593",
        "annee": 2025,
        "import_year": 2025,
        "overlap_warning": true
      }
    },
    {
      "type": "Feature",
      "id": "ND7e9ZNwjOtGdEysQDaLHCMA4SzCfoYQ",
      "geometry": {
        "coordinates": [
          [
            [
              0.9034661768398756,
              49.290383881352525
            ],
            [
              0.9037264102080294,
              49.290558719531376
            ],
            [
              0.9036848816000131,
              49.290593654758574
            ],
            [
              0.9033118347967922,
              49.29034524687748
            ],
            [
              0.9031814768107438,
              49.290429268862
            ],
            [
              0.903140844576208,
              49.29039458980463
            ],
            [
              0.9031390626755736,
              49.29039327290501
            ],
            [
              0.9032890299573614,
              49.29030321497607
            ],
            [
              0.9033123949786976,
              49.29030030081508
            ],
            [
              0.9033386725770756,
              49.29030386965231
            ],
            [
              0.9033608568331013,
              49.29031374942125
            ],
            [
              0.9034661768398756,
              49.290383881352525
            ]
          ]
        ],
        "type": "Polygon"
      },
      "properties": {
        "numero": "6",
        "ilot_numero": "3",
        "nom_affiche": "3-6",
        "cultureN_1": "BOR",
        "code_exploitation": "027161593",
        "annee": 2025,
        "import_year": 2025,
        "overlap_warning": false
      }
    },
    {
      "type": "Feature",
      "id": "O928OiHh8DYHCVGIXXN1WbhiSfluGo2s",
      "geometry": {
        "coordinates": [
          [
            [
              0.8973544679407978,
              49.292549127234984
            ],
            [
              0.8979555890807038,
              49.29266334533313
            ],
            [
              0.8973785483216307,
              49.29315062956666
            ],
            [
              0.897745347955177,
              49.29331766240694
            ],
            [
              0.8976509314128003,
              49.293399846773056
            ],
            [
              0.8980075300169682,
              49.29356044130748
            ],
            [
              0.8979706038062113,
              49.293589025023316
            ],
            [
              0.8989875770703313,
              49.29408704329478
            ],
            [
              0.897370452367351,
              49.295405971135686
            ],
            [
              0.8945120103819215,
              49.29395208688986
            ],
            [
              0.8952295345452863,
              49.29334096501768
            ],
            [
              0.8969890230739619,
              49.29188791025248
            ],
            [
              0.8977481305982041,
              49.292202782377366
            ],
            [
              0.8973544679407978,
              49.292549127234984
            ]
          ]
        ],
        "type": "Polygon"
      },
      "properties": {
        "numero": "1",
        "ilot_numero": "4",
        "nom_affiche": "4-1",
        "cultureN_1": "PPH",
        "code_exploitation": "027161593",
        "surface_admissible": 602,
        "annee": 2025,
        "import_year": 2025,
        "overlap_warning": false
      }
    },
    {
      "type": "Feature",
      "id": "vNb4WbilTDRm2uO3GdvhiMwvbXiOZn5i",
      "geometry": {
        "coordinates": [
          [
            [
              0.8957844327671682,
              49.31610418593187
            ],
            [
              0.8960648195409279,
              49.31586994884874
            ],
            [
              0.8966312857590556,
              49.31613134838524
            ],
            [
              0.8966049645098313,
              49.31613967545724
            ],
            [
              0.8977822235784372,
              49.317004881321516
            ],
            [
              0.8984529880423885,
              49.317432786818046
            ],
            [
              0.8991836958418604,
              49.318458531653796
            ],
            [
              0.8990281591579914,
              49.31861775182868
            ],
            [
              0.8958948768167427,
              49.3161885453518
            ],
            [
              0.8957844327671682,
              49.31610418593187
            ]
          ]
        ],
        "type": "Polygon"
      },
      "properties": {
        "numero": "1",
        "ilot_numero": "5",
        "nom_affiche": "5-1",
        "cultureN_1": "PPH",
        "code_exploitation": "027161593",
        "surface_admissible": 154,
        "annee": 2025,
        "import_year": 2025,
        "overlap_warning": true
      }
    },
    {
      "type": "Feature",
      "id": "cs1JOl6nYNxzasJBWuMSWcUEo5dGuoVF",
      "geometry": {
        "coordinates": [
          [
            [
              0.897452472836998,
              49.31486965060525
            ],
            [
              0.8995328757922131,
              49.31571027428913
            ],
            [
              0.8984449692743736,
              49.31685467227305
            ],
            [
              0.8967425013297156,
              49.31609616231665
            ],
            [
              0.8966312857590556,
              49.31613134838524
            ],
            [
              0.8961840589658014,
              49.315924973460284
            ],
            [
              0.897452472836998,
              49.31486965060525
            ]
          ]
        ],
        "type": "Polygon"
      },
      "properties": {
        "numero": "3",
        "ilot_numero": "5",
        "nom_affiche": "5-3",
        "cultureN_1": "ORH",
        "code_exploitation": "027161593",
        "surface_admissible": 274,
        "annee": 2025,
        "import_year": 2025,
        "overlap_warning": true
      }
    },
    {
      "type": "Feature",
      "id": "Ya9S9wFfukpdBC8I8SkIYqBsNaeFr4p2",
      "geometry": {
        "coordinates": [
          [
            [
              0.8973242011111993,
              49.31481781775052
            ],
            [
              0.8974688568234918,
              49.31469696374392
            ],
            [
              0.8999767318129327,
              49.31553728709012
            ],
            [
              0.8997339387034475,
              49.31579151416466
            ],
            [
              0.8986369009915351,
              49.3169401818574
            ],
            [
              0.8984449692743736,
              49.31685467227305
            ],
            [
              0.8995328757922131,
              49.31571027428913
            ],
            [
              0.8973242011111993,
              49.31481781775052
            ]
          ]
        ],
        "type": "Polygon"
      },
      "properties": {
        "numero": "4",
        "ilot_numero": "5",
        "nom_affiche": "5-4",
        "cultureN_1": "JAC",
        "code_exploitation": "027161593",
        "surface_admissible": 54,
        "annee": 2025,
        "import_year": 2025,
        "overlap_warning": false
      }
    },
    {
      "type": "Feature",
      "id": "k1fEtN9UmfXjnWeNWzRc6dnZHNpIm8yS",
      "geometry": {
        "coordinates": [
          [
            [
              0.8974486166860375,
              49.314690181763204
            ],
            [
              0.8974688568234918,
              49.31469696374392
            ],
            [
              0.8973242011111993,
              49.31481781775052
            ],
            [
              0.897452472836998,
              49.31486965060525
            ],
            [
              0.8961840589658014,
              49.315924973460284
            ],
            [
              0.8960648195409279,
              49.31586994884874
            ],
            [
              0.8957844327671682,
              49.31610418593187
            ],
            [
              0.8955873074335986,
              49.31595361654121
            ],
            [
              0.8943330304218916,
              49.31496586817082
            ],
            [
              0.895995143461839,
              49.31346270179506
            ],
            [
              0.8968786959802737,
              49.31386276022065
            ],
            [
              0.8966043093036986,
              49.31407743578293
            ],
            [
              0.8976208356575988,
              49.31453867585949
            ],
            [
              0.8974486166860375,
              49.314690181763204
            ]
          ]
        ],
        "type": "Polygon"
      },
      "properties": {
        "numero": "5",
        "ilot_numero": "5",
        "nom_affiche": "5-5",
        "cultureN_1": "ORP",
        "code_exploitation": "027161593",
        "surface_admissible": 364,
        "annee": 2025,
        "import_year": 2025,
        "overlap_warning": true
      }
    },
    {
      "type": "Feature",
      "id": "SFBcqE2NWjSVaaAzrmd1mcpVlWPnTyhq",
      "geometry": {
        "coordinates": [
          [
            [
              0.8960992520052974,
              49.3133685443904
            ],
            [
              0.8961260198718407,
              49.313344335632415
            ],
            [
              0.897983082634064,
              49.31421999384004
            ],
            [
              0.8976208356575988,
              49.31453867585949
            ],
            [
              0.8966043093036986,
              49.31407743578293
            ],
            [
              0.896877923041415,
              49.313863366334296
            ],
            [
              0.895995329137825,
              49.31346253327552
            ],
            [
              0.8960212916881447,
              49.31343905238228
            ],
            [
              0.8960665536639255,
              49.31339831052684
            ],
            [
              0.8960992520052974,
              49.3133685443904
            ]
          ]
        ],
        "type": "Polygon"
      },
      "properties": {
        "numero": "6",
        "ilot_numero": "5",
        "nom_affiche": "5-6",
        "cultureN_1": "JAC",
        "code_exploitation": "027161593",
        "surface_admissible": 52,
        "annee": 2025,
        "import_year": 2025,
        "overlap_warning": true
      }
    },
    {
      "type": "Feature",
      "id": "tzqedd7StZENEdRiZa33JVd0VNeBkqmz",
      "geometry": {
        "coordinates": [
          [
            [
              0.7782680210725367,
              49.38404123858683
            ],
            [
              0.779479437127999,
              49.383731526734536
            ],
            [
              0.7797773736675598,
              49.383655353851246
            ],
            [
              0.7799200602680211,
              49.38365777585428
            ],
            [
              0.7801028982440482,
              49.383661798060466
            ],
            [
              0.7805959911630019,
              49.383682314479316
            ],
            [
              0.7805912232787926,
              49.383687451374065
            ],
            [
              0.7802697160637713,
              49.38476580892551
            ],
            [
              0.7802152990967205,
              49.38475763250778
            ],
            [
              0.7798255927299359,
              49.38606711008438
            ],
            [
              0.7789209599068782,
              49.385785626957926
            ],
            [
              0.7779694293095283,
              49.38537957809612
            ],
            [
              0.7780875688496407,
              49.38408737223685
            ],
            [
              0.7782680210725367,
              49.38404123858683
            ]
          ]
        ],
        "type": "Polygon"
      },
      "properties": {
        "numero": "1",
        "ilot_numero": "6",
        "nom_affiche": "6-1",
        "cultureN_1": "PPH",
        "code_exploitation": "027161593",
        "surface_admissible": 349,
        "annee": 2025,
        "import_year": 2025,
        "overlap_warning": false
      }
    },
    {
      "type": "Feature",
      "id": "vB9CwJtcFb8GNfGG4ScovN8Jq1xoptRU",
      "geometry": {
        "coordinates": [
          [
            [
              0.8977830044554379,
              49.28657829723538
            ],
            [
              0.9000550139392346,
              49.28872893633404
            ],
            [
              0.8992254629933555,
              49.289229307279804
            ],
            [
              0.8996096393263342,
              49.28950427421296
            ],
            [
              0.8965928776090415,
              49.291539967957355
            ],
            [
              0.8964117432078195,
              49.29154164461892
            ],
            [
              0.8961619200092694,
              49.29146520453182
            ],
            [
              0.8956863506533291,
              49.29130719589608
            ],
            [
              0.8948052472537473,
              49.29084672297366
            ],
            [
              0.8940876990542883,
              49.29050556054556
            ],
            [
              0.8933411248454775,
              49.29019090077893
            ],
            [
              0.8926595749326075,
              49.28996751368366
            ],
            [
              0.8910903942405258,
              49.28955873378465
            ],
            [
              0.8905556046605042,
              49.2893536151884
            ],
            [
              0.8898590028672396,
              49.28903931977325
            ],
            [
              0.8899097847860359,
              49.288791261379444
            ],
            [
              0.8910197320153507,
              49.28772836870973
            ],
            [
              0.8916898437334921,
              49.28709425395408
            ],
            [
              0.8921794979118947,
              49.286556329211905
            ],
            [
              0.8926013190904695,
              49.286166130153426
            ],
            [
              0.8930751595543854,
              49.285832630106135
            ],
            [
              0.8934467925894243,
              49.28568926752087
            ],
            [
              0.8935955575511692,
              49.28566527739715
            ],
            [
              0.8962367506328577,
              49.28731136810588
            ],
            [
              0.8964513925229232,
              49.28730302433555
            ],
            [
              0.8977830044554379,
              49.28657829723538
            ]
          ]
        ],
        "type": "Polygon"
      },
      "properties": {
        "numero": "1",
        "ilot_numero": "7",
        "nom_affiche": "7-1",
        "cultureN_1": "BTH",
        "code_exploitation": "027161593",
        "surface_admissible": 2671,
        "annee": 2025,
        "import_year": 2025,
        "overlap_warning": false
      }
    },
    {
      "type": "Feature",
      "id": "VQ412gV7yKs3wg9eRRo14CIJMHfzPjxo",
      "geometry": {
        "coordinates": [
          [
            [
              0.7784517006956587,
              49.345562503596355
            ],
            [
              0.7786497192389394,
              49.34543710783076
            ],
            [
              0.7787709746902371,
              49.34535877983924
            ],
            [
              0.7804798697945867,
              49.34421246862878
            ],
            [
              0.7813456056020848,
              49.343646994343615
            ],
            [
              0.7821376198611558,
              49.34544456331341
            ],
            [
              0.7818377742950793,
              49.34558858818874
            ],
            [
              0.7817454963067713,
              49.34563232754293
            ],
            [
              0.7807202049976707,
              49.346131229408314
            ],
            [
              0.7789671140887809,
              49.346959416505356
            ],
            [
              0.7786965460683444,
              49.34706785906723
            ],
            [
              0.7784517006956587,
              49.345562503596355
            ]
          ]
        ],
        "type": "Polygon"
      },
      "properties": {
        "numero": "1",
        "ilot_numero": "8",
        "nom_affiche": "8-1",
        "cultureN_1": "FVP",
        "code_exploitation": "027161593",
        "surface_admissible": 501,
        "annee": 2025,
        "import_year": 2025,
        "overlap_warning": false
      }
    },
    {
      "type": "Feature",
      "id": "Kk90rFeonFaNRmqPIic5Bt9o7kwKqVtV",
      "geometry": {
        "coordinates": [
          [
            [
              0.7750525377611004,
              49.34610049929525
            ],
            [
              0.7751372465841554,
              49.34511402250296
            ],
            [
              0.7751680263656412,
              49.34475555812448
            ],
            [
              0.7751804384081371,
              49.344747892178496
            ],
            [
              0.7757156752497468,
              49.34479781374588
            ],
            [
              0.7765868072824377,
              49.34490378692286
            ],
            [
              0.7772257999823332,
              49.344949811790464
            ],
            [
              0.7772258013574922,
              49.34494981181576
            ],
            [
              0.7772726984044338,
              49.3449743067966
            ],
            [
              0.7772799082790819,
              49.344971544755644
            ],
            [
              0.7772899765255563,
              49.344962209642276
            ],
            [
              0.7772932278929174,
              49.34495098839531
            ],
            [
              0.7772910056994314,
              49.34489572292224
            ],
            [
              0.7772696151643649,
              49.344363575368504
            ],
            [
              0.7772693272299773,
              49.34436102699772
            ],
            [
              0.7771926265291552,
              49.34394895797856
            ],
            [
              0.7771224334817323,
              49.34342663191835
            ],
            [
              0.7771653255260061,
              49.34342698222278
            ],
            [
              0.7771617284670983,
              49.34339998353448
            ],
            [
              0.7774838452310828,
              49.343402611894476
            ],
            [
              0.7776763346535823,
              49.3434079008065
            ],
            [
              0.7778230561734276,
              49.34341934378433
            ],
            [
              0.777933804116197,
              49.34345810689746
            ],
            [
              0.777995733066897,
              49.34351171252599
            ],
            [
              0.7780742167314308,
              49.343601215726714
            ],
            [
              0.7781358894218541,
              49.343657103345706
            ],
            [
              0.778225554909321,
              49.3436925693928
            ],
            [
              0.7783633286595704,
              49.34369832486728
            ],
            [
              0.7790743637519816,
              49.343699436410894
            ],
            [
              0.7809006419495945,
              49.343680527802675
            ],
            [
              0.7811347643747298,
              49.34367195498077
            ],
            [
              0.7811389981505015,
              49.34368813645921
            ],
            [
              0.7810807060044492,
              49.34372580638939
            ],
            [
              0.7807664870219685,
              49.343936895915675
            ],
            [
              0.7797909687989174,
              49.34458704250244
            ],
            [
              0.7793226319883756,
              49.34490308528015
            ],
            [
              0.7791975762143821,
              49.34498747414168
            ],
            [
              0.7788385634402432,
              49.34522813884802
            ],
            [
              0.7786036779275792,
              49.34538559329665
            ],
            [
              0.7784718693452406,
              49.345470129725946
            ],
            [
              0.7783009323666233,
              49.34554750612636
            ],
            [
              0.7780711664216535,
              49.345617358250394
            ],
            [
              0.7777379557187165,
              49.34568530738388
            ],
            [
              0.7769502973764743,
              49.34584952157169
            ],
            [
              0.7759157735054346,
              49.3460147486239
            ],
            [
              0.7750525377611004,
              49.34610049929525
            ]
          ]
        ],
        "type": "Polygon"
      },
      "properties": {
        "numero": "1",
        "ilot_numero": "9",
        "nom_affiche": "9-1",
        "cultureN_1": "LIF",
        "code_exploitation": "027161593",
        "surface_admissible": 603,
        "annee": 2025,
        "import_year": 2025,
        "overlap_warning": false
      }
    },
    {
      "type": "Feature",
      "id": "2lR5o6l1K8c1h8bAPi5MKHcxhQHhGpen",
      "geometry": {
        "coordinates": [
          [
            [
              0.7751804384081371,
              49.344747892178496
            ],
            [
              0.7751680263656412,
              49.34475555812448
            ],
            [
              0.7750525377611004,
              49.34610049929525
            ],
            [
              0.7746154470154504,
              49.34614391629589
            ],
            [
              0.7735426875565682,
              49.346248141537814
            ],
            [
              0.7735482131029332,
              49.34618636343485
            ],
            [
              0.773570014281618,
              49.34594258614157
            ],
            [
              0.7736373255185308,
              49.34550584232765
            ],
            [
              0.773638568915383,
              49.345495785565916
            ],
            [
              0.7736947078860299,
              49.345041873140644
            ],
            [
              0.7737245199740453,
              49.34473360964426
            ],
            [
              0.7737348240186642,
              49.34462705595793
            ],
            [
              0.774080739600255,
              49.34464531468038
            ],
            [
              0.7751804384081371,
              49.344747892178496
            ]
          ]
        ],
        "type": "Polygon"
      },
      "properties": {
        "numero": "2",
        "ilot_numero": "9",
        "nom_affiche": "9-2",
        "cultureN_1": "LIF",
        "code_exploitation": "027161593",
        "surface_admissible": 177,
        "annee": 2025,
        "import_year": 2025,
        "overlap_warning": false
      }
    },
    {
      "type": "Feature",
      "id": "6Z2BjOy839osuHtZlOT9yzuCoLI3Sn45",
      "geometry": {
        "coordinates": [
          [
            [
              0.7772726984044338,
              49.3449743067966
            ],
            [
              0.7772257999823332,
              49.344949811790464
            ],
            [
              0.7772519680725453,
              49.34495169692705
            ],
            [
              0.7772497459232273,
              49.34489643145325
            ],
            [
              0.7772283558521634,
              49.34436428299408
            ],
            [
              0.7771515729536527,
              49.34395176550561
            ],
            [
              0.7770773284525895,
              49.34339929488357
            ],
            [
              0.7771617284670983,
              49.34339998353448
            ],
            [
              0.7771653255260061,
              49.34342698222278
            ],
            [
              0.7771224334817323,
              49.34342663191835
            ],
            [
              0.7771926265291552,
              49.34394895797856
            ],
            [
              0.7772693272299773,
              49.34436102699772
            ],
            [
              0.7772696151643649,
              49.344363575368504
            ],
            [
              0.7772910056994314,
              49.34489572292224
            ],
            [
              0.7772932278929174,
              49.34495098839531
            ],
            [
              0.7772899765255563,
              49.344962209642276
            ],
            [
              0.7772799082790819,
              49.344971544755644
            ],
            [
              0.7772726984044338,
              49.3449743067966
            ]
          ]
        ],
        "type": "Polygon"
      },
      "properties": {
        "numero": "3",
        "ilot_numero": "9",
        "nom_affiche": "9-3",
        "cultureN_1": "BOR",
        "code_exploitation": "027161593",
        "annee": 2025,
        "import_year": 2025,
        "overlap_warning": false
      }
    },
    {
      "type": "Feature",
      "id": "nxZXnujk9hqydNmCYKDRBNGYEMQl7Dnk",
      "geometry": {
        "coordinates": [
          [
            [
              0.7798130568713134,
              49.33999117580816
            ],
            [
              0.7801321421432804,
              49.340123324806775
            ],
            [
              0.7808797139578353,
              49.34043447354595
            ],
            [
              0.7808990924630632,
              49.34043434210307
            ],
            [
              0.7814035547843274,
              49.34064599424327
            ],
            [
              0.784214980609191,
              49.341797304432426
            ],
            [
              0.78226196603807,
              49.342982394632415
            ],
            [
              0.7812371394458324,
              49.3436260526485
            ],
            [
              0.7791578559810081,
              49.34365355019547
            ],
            [
              0.7784126636899261,
              49.343650544924046
            ],
            [
              0.7782187767909057,
              49.343615500551316
            ],
            [
              0.778079699155387,
              49.34348877198657
            ],
            [
              0.7780202061571544,
              49.34341363372611
            ],
            [
              0.7779163221155315,
              49.343366844339734
            ],
            [
              0.7777562310727886,
              49.34335515556465
            ],
            [
              0.7777473061881661,
              49.3433549563365
            ],
            [
              0.7798130568713134,
              49.33999117580816
            ]
          ]
        ],
        "type": "Polygon"
      },
      "properties": {
        "numero": "1",
        "ilot_numero": "10",
        "nom_affiche": "10-1",
        "cultureN_1": "BTH",
        "code_exploitation": "027161593",
        "surface_admissible": 1073,
        "annee": 2025,
        "import_year": 2025,
        "overlap_warning": false
      }
    },
    {
      "type": "Feature",
      "id": "kqUMAlL4vbxlCQnuu1VnhzElLgdJiUSA",
      "geometry": {
        "coordinates": [
          [
            [
              0.7792118521118029,
              49.339740318648516
            ],
            [
              0.7798130568713134,
              49.33999117580816
            ],
            [
              0.7777473061881661,
              49.3433549563365
            ],
            [
              0.7774699639352659,
              49.343348762200314
            ],
            [
              0.7771008542205592,
              49.34335839733869
            ],
            [
              0.7766217186092348,
              49.343393380688454
            ],
            [
              0.7765642909968051,
              49.34336494891227
            ],
            [
              0.7765692432925754,
              49.343250064725375
            ],
            [
              0.7766315029212674,
              49.342971985408994
            ],
            [
              0.7763984847418477,
              49.34293484653951
            ],
            [
              0.7763800882381379,
              49.3429728330829
            ],
            [
              0.7763369286831884,
              49.343196513925726
            ],
            [
              0.7764303263578822,
              49.343362483478714
            ],
            [
              0.7764026128178444,
              49.34342219795653
            ],
            [
              0.775905552231966,
              49.3434842244348
            ],
            [
              0.7756797234610562,
              49.34347459243063
            ],
            [
              0.7752397433341757,
              49.34337889013764
            ],
            [
              0.7745360843735963,
              49.34318945577276
            ],
            [
              0.7747865604917715,
              49.34279292632926
            ],
            [
              0.7750502537865579,
              49.34233955704148
            ],
            [
              0.7753274004288939,
              49.34187939813559
            ],
            [
              0.7755125167625934,
              49.3415551681233
            ],
            [
              0.7757142356029705,
              49.34123437012538
            ],
            [
              0.7757752539840709,
              49.34112367427147
            ],
            [
              0.7759106129397626,
              49.34089861685493
            ],
            [
              0.7759638500838535,
              49.34080185272437
            ],
            [
              0.7761950910793942,
              49.340413763058514
            ],
            [
              0.7762298913641865,
              49.340335230765014
            ],
            [
              0.7750620645923215,
              49.34001267530576
            ],
            [
              0.7752241251720783,
              49.33990483589328
            ],
            [
              0.7764361706822316,
              49.339098279019936
            ],
            [
              0.7768695490766178,
              49.33880987805645
            ],
            [
              0.7786123160704472,
              49.339490726378806
            ],
            [
              0.7792118521118029,
              49.339740318648516
            ]
          ]
        ],
        "type": "Polygon"
      },
      "properties": {
        "numero": "2",
        "ilot_numero": "10",
        "nom_affiche": "10-2",
        "cultureN_1": "BTN",
        "code_exploitation": "027161593",
        "surface_admissible": 1152,
        "annee": 2025,
        "import_year": 2025,
        "overlap_warning": false
      }
    },
    {
      "type": "Feature",
      "id": "8c2jzVW38e13qQDeUqjE2kSHldqIrXai",
      "geometry": {
        "coordinates": [
          [
            [
              0.8355645624246627,
              49.299230634377246
            ],
            [
              0.8361719993105744,
              49.29931507603035
            ],
            [
              0.8368336723906983,
              49.29942607708619
            ],
            [
              0.8389704886732615,
              49.29975485672355
            ],
            [
              0.8391064348517647,
              49.29979187453376
            ],
            [
              0.8387136187770126,
              49.300248269445106
            ],
            [
              0.8385000292179952,
              49.300465783408725
            ],
            [
              0.8383243650783828,
              49.30061942022268
            ],
            [
              0.8378750368308934,
              49.300833573810486
            ],
            [
              0.8376149460707302,
              49.300890303744595
            ],
            [
              0.837268728968057,
              49.3009071569393
            ],
            [
              0.8370969207099717,
              49.30113694650868
            ],
            [
              0.8368578859293025,
              49.301372446569104
            ],
            [
              0.8367426147385035,
              49.30150631188238
            ],
            [
              0.8362924038264742,
              49.30216235743518
            ],
            [
              0.8359549011220431,
              49.30255978913106
            ],
            [
              0.8357517148369029,
              49.302696787783646
            ],
            [
              0.835497665364713,
              49.302865791872115
            ],
            [
              0.8351181214381684,
              49.303008212590996
            ],
            [
              0.8344172808481437,
              49.30321328169695
            ],
            [
              0.8341909061412622,
              49.303223267202
            ],
            [
              0.8341652620980792,
              49.302525389637545
            ],
            [
              0.8341383476668686,
              49.301402074474154
            ],
            [
              0.8348796877181375,
              49.300202620706486
            ],
            [
              0.8348292596408593,
              49.30018678741304
            ],
            [
              0.8355645624246627,
              49.299230634377246
            ]
          ]
        ],
        "type": "Polygon"
      },
      "properties": {
        "numero": "1",
        "ilot_numero": "11",
        "nom_affiche": "11-1",
        "cultureN_1": "BTH",
        "code_exploitation": "027161593",
        "surface_admissible": 816,
        "annee": 2025,
        "import_year": 2025,
        "overlap_warning": false
      }
    },
    {
      "type": "Feature",
      "id": "SIkPkQiRhXZkLa9nNeFpiar9Pu7F5ia2",
      "geometry": {
        "coordinates": [
          [
            [
              0.8354674741567917,
              49.299217137297845
            ],
            [
              0.8355645624246627,
              49.299230634377246
            ],
            [
              0.8348292596408593,
              49.30018678741304
            ],
            [
              0.834225493298793,
              49.29999721364937
            ],
            [
              0.8335391539666593,
              49.29988575750893
            ],
            [
              0.8325102141731605,
              49.29995720481846
            ],
            [
              0.8316528475965952,
              49.300308400157995
            ],
            [
              0.8306575357232444,
              49.29882414518422
            ],
            [
              0.8307512627150114,
              49.29877510599869
            ],
            [
              0.8309889356635695,
              49.298740181149384
            ],
            [
              0.8318076471516898,
              49.29863730231736
            ],
            [
              0.8323658038311311,
              49.298610437515855
            ],
            [
              0.832760749085777,
              49.2986083060952
            ],
            [
              0.8332273501151354,
              49.298662794640755
            ],
            [
              0.8335238898130238,
              49.298737286636175
            ],
            [
              0.8344476842973617,
              49.29898672983148
            ],
            [
              0.8349705095433824,
              49.29912983360139
            ],
            [
              0.8354674741567917,
              49.299217137297845
            ]
          ]
        ],
        "type": "Polygon"
      },
      "properties": {
        "numero": "2",
        "ilot_numero": "11",
        "nom_affiche": "11-2",
        "cultureN_1": "PTC",
        "code_exploitation": "027161593",
        "surface_admissible": 425,
        "annee": 2025,
        "import_year": 2025,
        "overlap_warning": false
      }
    },
    {
      "type": "Feature",
      "id": "sb5GVCfZjCdxrjEsnWdxMXLDLkAj99zN",
      "geometry": {
        "coordinates": [
          [
            [
              0.8379253811894812,
              49.30459769730246
            ],
            [
              0.8376842166041879,
              49.304535087560424
            ],
            [
              0.8374384450755925,
              49.304452170287824
            ],
            [
              0.837013025306536,
              49.30431487461565
            ],
            [
              0.8365511457722181,
              49.30417930796524
            ],
            [
              0.8360687305180067,
              49.30405645393556
            ],
            [
              0.8353319317805916,
              49.30388263555477
            ],
            [
              0.8350333421242917,
              49.3038011401877
            ],
            [
              0.8349265846196363,
              49.30375937814723
            ],
            [
              0.8348913446249995,
              49.30372623939086
            ],
            [
              0.834875336604712,
              49.30370789408701
            ],
            [
              0.8348701612467214,
              49.30365783792197
            ],
            [
              0.8350676660750559,
              49.30345223622298
            ],
            [
              0.8354692245637776,
              49.30298551956591
            ],
            [
              0.8356669483745202,
              49.30283459990197
            ],
            [
              0.8359757195190547,
              49.302629572398914
            ],
            [
              0.8360911969621075,
              49.30252219236569
            ],
            [
              0.8362125751076086,
              49.30240420678963
            ],
            [
              0.836412291518692,
              49.30215320416961
            ],
            [
              0.8365787015935272,
              49.30192069848958
            ],
            [
              0.8367546483437136,
              49.301655240650135
            ],
            [
              0.8368514057013131,
              49.30152936453301
            ],
            [
              0.8370071273155933,
              49.30137404432597
            ],
            [
              0.8371892459459662,
              49.30124814524934
            ],
            [
              0.8374624212315898,
              49.30107210617084
            ],
            [
              0.8376288100113579,
              49.301008460773765
            ],
            [
              0.8380756837648761,
              49.3008351170737
            ],
            [
              0.838274132728598,
              49.30074468827659
            ],
            [
              0.8383618469218215,
              49.30071327377426
            ],
            [
              0.8383787401824581,
              49.3008244112981
            ],
            [
              0.8383565891170729,
              49.30118666314184
            ],
            [
              0.8382998962570242,
              49.30167162208517
            ],
            [
              0.8381909781146339,
              49.3026434087611
            ],
            [
              0.838135092028218,
              49.30313076535307
            ],
            [
              0.838078395028498,
              49.303615721412065
            ],
            [
              0.8379253811894812,
              49.30459769730246
            ]
          ]
        ],
        "type": "Polygon"
      },
      "properties": {
        "numero": "1",
        "ilot_numero": "12",
        "nom_affiche": "12-1",
        "cultureN_1": "BTH",
        "code_exploitation": "027161593",
        "surface_admissible": 578,
        "annee": 2025,
        "import_year": 2025,
        "overlap_warning": false
      }
    },
    {
      "type": "Feature",
      "id": "RufldszMwktGfwdFuOHpKQKyGDIBZoDf",
      "geometry": {
        "coordinates": [
          [
            [
              0.8490778474220839,
              49.298877079957634
            ],
            [
              0.8500322942829355,
              49.29866171953225
            ],
            [
              0.8508143035075234,
              49.298537800992115
            ],
            [
              0.8517686962041765,
              49.29846814612408
            ],
            [
              0.8525519735571713,
              49.29845845229764
            ],
            [
              0.85363596515496,
              49.29845804049909
            ],
            [
              0.8542021522925166,
              49.29847045100482
            ],
            [
              0.8540321678745825,
              49.29888380958723
            ],
            [
              0.8536861152347363,
              49.29924407141536
            ],
            [
              0.8516771884897919,
              49.30057364215228
            ],
            [
              0.8490778474220839,
              49.298877079957634
            ]
          ]
        ],
        "type": "Polygon"
      },
      "properties": {
        "numero": "1",
        "ilot_numero": "13",
        "nom_affiche": "13-1",
        "cultureN_1": "BTH",
        "code_exploitation": "027161593",
        "surface_admissible": 485,
        "annee": 2025,
        "import_year": 2025,
        "overlap_warning": false
      }
    },
    {
      "type": "Feature",
      "id": "x0St5V6qNDaB5c0P1TdAfRADD6jWdclc",
      "geometry": {
        "coordinates": [
          [
            [
              0.7877212676360275,
              49.34785331186659
            ],
            [
              0.7877279049601441,
              49.34722713578392
            ],
            [
              0.7901528982803879,
              49.34759468567817
            ],
            [
              0.7901732833135577,
              49.34950654062963
            ],
            [
              0.7900878514600057,
              49.34950471294059
            ],
            [
              0.7899787145930217,
              49.34950619157206
            ],
            [
              0.7898172674514117,
              49.3494954629266
            ],
            [
              0.7894417103677949,
              49.34943554059545
            ],
            [
              0.7888862765394494,
              49.349355846222345
            ],
            [
              0.7879329055049158,
              49.34926461968386
            ],
            [
              0.7877630688542585,
              49.34925834688807
            ],
            [
              0.7877212676360275,
              49.34785331186659
            ]
          ]
        ],
        "type": "Polygon"
      },
      "properties": {
        "numero": "1",
        "ilot_numero": "14",
        "nom_affiche": "14-1",
        "cultureN_1": "ORP",
        "code_exploitation": "027161593",
        "surface_admissible": 385,
        "annee": 2025,
        "import_year": 2025,
        "overlap_warning": false
      }
    },
    {
      "type": "Feature",
      "id": "sPj6QF1LkROgcMGQMYnXPgkN7YZljsjl",
      "geometry": {
        "coordinates": [
          [
            [
              0.8101845457608993,
              49.366512700808826
            ],
            [
              0.8101658562163947,
              49.36648844576356
            ],
            [
              0.808976226179987,
              49.36677098183399
            ],
            [
              0.8089724174008089,
              49.36675977869516
            ],
            [
              0.8089332623606914,
              49.366769018796866
            ],
            [
              0.8089279702542662,
              49.36675345184699
            ],
            [
              0.8087077807675613,
              49.36658122412718
            ],
            [
              0.8081826784484345,
              49.365899846289345
            ],
            [
              0.8084772244484582,
              49.36578365851798
            ],
            [
              0.809030300885381,
              49.365650222702826
            ],
            [
              0.8114570910512452,
              49.36547603611893
            ],
            [
              0.8144730126271783,
              49.365323874669414
            ],
            [
              0.8146360799028068,
              49.365406259742436
            ],
            [
              0.8145094556082343,
              49.365815719579984
            ],
            [
              0.8142397929376355,
              49.366445519015976
            ],
            [
              0.8138122247740348,
              49.36733134661955
            ],
            [
              0.8134739230744731,
              49.367970155077664
            ],
            [
              0.8131076220486604,
              49.367777191768724
            ],
            [
              0.8120685357101272,
              49.36709904920685
            ],
            [
              0.8111637902068982,
              49.366280119349184
            ],
            [
              0.8101845457608993,
              49.366512700808826
            ]
          ]
        ],
        "type": "Polygon"
      },
      "properties": {
        "numero": "1",
        "ilot_numero": "15",
        "nom_affiche": "15-1",
        "cultureN_1": "BTH",
        "code_exploitation": "027161593",
        "surface_admissible": 679,
        "annee": 2025,
        "import_year": 2025,
        "overlap_warning": false
      }
    },
    {
      "type": "Feature",
      "id": "jSySmfUapp2m3Q2PeFKIpD14dK82twWQ",
      "geometry": {
        "coordinates": [
          [
            [
              0.8101658562163947,
              49.36648844576356
            ],
            [
              0.8101845457608993,
              49.366512700808826
            ],
            [
              0.8089461143048573,
              49.36680682732162
            ],
            [
              0.8089332623606914,
              49.366769018796866
            ],
            [
              0.8089724174008089,
              49.36675977869516
            ],
            [
              0.808976226179987,
              49.36677098183399
            ],
            [
              0.8101658562163947,
              49.36648844576356
            ]
          ]
        ],
        "type": "Polygon"
      },
      "properties": {
        "numero": "2",
        "ilot_numero": "15",
        "nom_affiche": "15-2",
        "cultureN_1": "BOR",
        "code_exploitation": "027161593",
        "annee": 2025,
        "import_year": 2025,
        "overlap_warning": false
      }
    },
    {
      "type": "Feature",
      "id": "aix4ItNYGLTgFGMq4kOGjBIHhOJY0YOV",
      "geometry": {
        "coordinates": [
          [
            [
              0.8050232642113343,
              49.36628146837032
            ],
            [
              0.8069687866433618,
              49.366164553507815
            ],
            [
              0.8081818893188568,
              49.36609566180446
            ],
            [
              0.8087554176099061,
              49.36687361107491
            ],
            [
              0.8061541550948522,
              49.36827200444038
            ],
            [
              0.8056349961535832,
              49.36732705320255
            ],
            [
              0.805541035306423,
              49.3671707899848
            ],
            [
              0.8051753616749215,
              49.366535389935414
            ],
            [
              0.8051398025234215,
              49.36653822603662
            ],
            [
              0.805102140135534,
              49.36645524481873
            ],
            [
              0.8050232642113343,
              49.36628146837032
            ]
          ]
        ],
        "type": "Polygon"
      },
      "properties": {
        "numero": "1",
        "ilot_numero": "16",
        "nom_affiche": "16-1",
        "cultureN_1": "BTH",
        "code_exploitation": "027161593",
        "surface_admissible": 375,
        "annee": 2025,
        "import_year": 2025,
        "overlap_warning": false
      }
    },
    {
      "type": "Feature",
      "id": "5Lw0791mUZswsT0mhgtO7Cyb27oopJaT",
      "geometry": {
        "coordinates": [
          [
            [
              0.8084088349873323,
              49.36715905436303
            ],
            [
              0.8083810324774273,
              49.367139070558636
            ],
            [
              0.8084120148242083,
              49.3671224725397
            ],
            [
              0.8084275988867421,
              49.36713163305032
            ],
            [
              0.8084487835337316,
              49.36714748185934
            ],
            [
              0.8084491261638361,
              49.36714774614642
            ],
            [
              0.808484174571659,
              49.367175878715855
            ],
            [
              0.8084932264276223,
              49.36718397481291
            ],
            [
              0.8088688853475823,
              49.36748467567594
            ],
            [
              0.8089237035670888,
              49.367510905828226
            ],
            [
              0.8089242297264219,
              49.367511193223194
            ],
            [
              0.8089275900745656,
              49.367512764816105
            ],
            [
              0.8089518778957167,
              49.3675243859085
            ],
            [
              0.8089639449590723,
              49.36753035242261
            ],
            [
              0.809065270176949,
              49.36757864247332
            ],
            [
              0.8091842814415225,
              49.36769262596077
            ],
            [
              0.8091593225001725,
              49.367705931605194
            ],
            [
              0.8091281933716481,
              49.36768771580839
            ],
            [
              0.8091288259098932,
              49.36768737927625
            ],
            [
              0.8090351713076247,
              49.36759768095192
            ],
            [
              0.8089396033642817,
              49.367552135331565
            ],
            [
              0.8089390206034827,
              49.36755185140681
            ],
            [
              0.8089272124705807,
              49.36754601277636
            ],
            [
              0.8089033672568394,
              49.36753460382421
            ],
            [
              0.808900187797595,
              49.36753311733819
            ],
            [
              0.8088989342197352,
              49.36753248314857
            ],
            [
              0.8088444817052699,
              49.3675064277683
            ],
            [
              0.8088368910808044,
              49.36750172305624
            ],
            [
              0.8084612322232226,
              49.36720102209925
            ],
            [
              0.8084598792028986,
              49.36719987714522
            ],
            [
              0.8084514640743645,
              49.367192350103934
            ],
            [
              0.8084174116132113,
              49.367165017001476
            ],
            [
              0.8084091886512673,
              49.367158864745946
            ],
            [
              0.8084088349873323,
              49.36715905436303
            ]
          ]
        ],
        "type": "Polygon"
      },
      "properties": {
        "numero": "1",
        "ilot_numero": "17",
        "nom_affiche": "17-1",
        "cultureN_1": "BOR",
        "code_exploitation": "027161593",
        "annee": 2025,
        "import_year": 2025,
        "overlap_warning": true
      }
    },
    {
      "type": "Feature",
      "id": "CUwIeDReVzRkSSZEDkf3NWui1CRZeV4j",
      "geometry": {
        "coordinates": [
          [
            [
              0.8083810324774273,
              49.367139070558636
            ],
            [
              0.8084088349873323,
              49.36715905436303
            ],
            [
              0.8084091886512673,
              49.367158864745946
            ],
            [
              0.8084174116132113,
              49.367165017001476
            ],
            [
              0.8084514640743645,
              49.367192350103934
            ],
            [
              0.8084612322232226,
              49.36720102209925
            ],
            [
              0.8088368910808044,
              49.36750172305624
            ],
            [
              0.8088444817052699,
              49.3675064277683
            ],
            [
              0.8089272124705807,
              49.36754601277636
            ],
            [
              0.8089396033642817,
              49.367552135331565
            ],
            [
              0.8090351713076247,
              49.36759768095192
            ],
            [
              0.8091288259098932,
              49.36768737927625
            ],
            [
              0.8091281933716481,
              49.36768771580839
            ],
            [
              0.8091593225001725,
              49.367705931605194
            ],
            [
              0.8087742521243353,
              49.36791121180947
            ],
            [
              0.808795187627661,
              49.36801865191811
            ],
            [
              0.8095074135479613,
              49.368833346222814
            ],
            [
              0.8105067677788841,
              49.36917633003842
            ],
            [
              0.8106221013456457,
              49.36917948631959
            ],
            [
              0.8115487761828872,
              49.36868917976178
            ],
            [
              0.8118611552911654,
              49.36847078829105
            ],
            [
              0.8123781489721419,
              49.36874972084334
            ],
            [
              0.8125954472360194,
              49.368948628685445
            ],
            [
              0.8124561641540425,
              49.369143693307514
            ],
            [
              0.8116597038177422,
              49.37017505620554
            ],
            [
              0.8104081055024854,
              49.369705819102386
            ],
            [
              0.8063989884453159,
              49.36820086940507
            ],
            [
              0.8069060765792961,
              49.36792900148373
            ],
            [
              0.8069139875239776,
              49.36793167630286
            ],
            [
              0.807123948894622,
              49.36781826444347
            ],
            [
              0.8077545151628849,
              49.36747470926939
            ],
            [
              0.8083810324774273,
              49.367139070558636
            ]
          ]
        ],
        "type": "Polygon"
      },
      "properties": {
        "numero": "3",
        "ilot_numero": "17",
        "nom_affiche": "17-3",
        "cultureN_1": "BTH",
        "code_exploitation": "027161593",
        "surface_admissible": 467,
        "annee": 2025,
        "import_year": 2025,
        "overlap_warning": true
      }
    },
    {
      "type": "Feature",
      "id": "V5FKeXVqwF0GKO0BVZI0cfRTyZ8D1jfi",
      "geometry": {
        "coordinates": [
          [
            [
              0.7841701602294034,
              49.3827385055348
            ],
            [
              0.783573389861926,
              49.383367333784015
            ],
            [
              0.7833478939591331,
              49.38364219594059
            ],
            [
              0.783295211771697,
              49.38372394117874
            ],
            [
              0.7829917513558594,
              49.38363951710122
            ],
            [
              0.7815782283514442,
              49.3835924590596
            ],
            [
              0.7810283496475516,
              49.38358360410738
            ],
            [
              0.7805350479663558,
              49.383578253470766
            ],
            [
              0.7799016777479312,
              49.38359114860342
            ],
            [
              0.7799302104429613,
              49.383563122557945
            ],
            [
              0.7802730037169453,
              49.38340397916949
            ],
            [
              0.7805681895941181,
              49.38323690220256
            ],
            [
              0.7807079210671767,
              49.38314796328117
            ],
            [
              0.7808302592066869,
              49.383057419112845
            ],
            [
              0.7809405692829775,
              49.382950000711546
            ],
            [
              0.781414346707687,
              49.382884703032396
            ],
            [
              0.7818963243628522,
              49.38282085779527
            ],
            [
              0.7823511231927842,
              49.38276994368568
            ],
            [
              0.7828185065710876,
              49.382735850854175
            ],
            [
              0.7831109161678701,
              49.3827182995076
            ],
            [
              0.7835554453792614,
              49.382709067904855
            ],
            [
              0.783863831911757,
              49.38271392995693
            ],
            [
              0.7841701602294034,
              49.3827385055348
            ]
          ]
        ],
        "type": "Polygon"
      },
      "properties": {
        "numero": "1",
        "ilot_numero": "18",
        "nom_affiche": "18-1",
        "cultureN_1": "BTH",
        "code_exploitation": "027161593",
        "surface_admissible": 212,
        "annee": 2025,
        "import_year": 2025,
        "overlap_warning": false
      }
    },
    {
      "type": "Feature",
      "id": "logsbn44MeqbqtqoqXmDQxD1Tf6MLzBt",
      "geometry": {
        "coordinates": [
          [
            [
              0.7741068585372045,
              49.38269556972275
            ],
            [
              0.7741250318274209,
              49.38269179036889
            ],
            [
              0.7781528612020495,
              49.38187385138739
            ],
            [
              0.7781593995855975,
              49.38187250311958
            ],
            [
              0.7789036295395858,
              49.383397193458414
            ],
            [
              0.7790960952661248,
              49.38376326136221
            ],
            [
              0.7790661181304007,
              49.38376658996262
            ],
            [
              0.7784144632363627,
              49.38392438731339
            ],
            [
              0.7777800447208443,
              49.3840782249198
            ],
            [
              0.7773871107314364,
              49.38415541551384
            ],
            [
              0.7767036960414124,
              49.384182836983456
            ],
            [
              0.7762488926068944,
              49.38427443727896
            ],
            [
              0.7759610343151159,
              49.38436141021847
            ],
            [
              0.774744548366101,
              49.38392267707369
            ],
            [
              0.7742402596221355,
              49.382970058689956
            ],
            [
              0.7741068585372045,
              49.38269556972275
            ]
          ]
        ],
        "type": "Polygon"
      },
      "properties": {
        "numero": "1",
        "ilot_numero": "19",
        "nom_affiche": "19-1",
        "cultureN_1": "CZH",
        "code_exploitation": "027161593",
        "surface_admissible": 648,
        "annee": 2025,
        "import_year": 2025,
        "overlap_warning": false
      }
    },
    {
      "type": "Feature",
      "id": "sOFWdmrR3T9hvqiXVieSPWFmswkOw4mm",
      "geometry": {
        "coordinates": [
          [
            [
              0.7684362169112359,
              49.37701877130415
            ],
            [
              0.7684511130734246,
              49.377019046251554
            ],
            [
              0.7698568002342129,
              49.37721315917073
            ],
            [
              0.7698352301133302,
              49.377332914945605
            ],
            [
              0.7698168301704706,
              49.37746342988573
            ],
            [
              0.7697878061319062,
              49.37767107265399
            ],
            [
              0.7697210102194052,
              49.37807786991478
            ],
            [
              0.769679002908401,
              49.37833285966158
            ],
            [
              0.769653350718443,
              49.378578502428006
            ],
            [
              0.769613947332872,
              49.37881298844396
            ],
            [
              0.7695748301679121,
              49.37904575317747
            ],
            [
              0.7694924843403869,
              49.37952733855772
            ],
            [
              0.7694240275705678,
              49.38000416226516
            ],
            [
              0.7694030448329211,
              49.380156471127066
            ],
            [
              0.7693998032112045,
              49.380154073361226
            ],
            [
              0.7693363329435757,
              49.380694167639994
            ],
            [
              0.7693219480516237,
              49.38077325806145
            ],
            [
              0.7688966265361435,
              49.38094299045752
            ],
            [
              0.7682474189518644,
              49.38119499122637
            ],
            [
              0.7678917427442177,
              49.38138270494212
            ],
            [
              0.767556880300213,
              49.38156190327432
            ],
            [
              0.7666097797833279,
              49.38199050141145
            ],
            [
              0.7661827803231603,
              49.38217295057172
            ],
            [
              0.7656707416676474,
              49.38235885349028
            ],
            [
              0.7655325835774889,
              49.3823436188153
            ],
            [
              0.7654859078821783,
              49.382322032031624
            ],
            [
              0.7654022782623102,
              49.38230124330556
            ],
            [
              0.7658448208799511,
              49.38050565135018
            ],
            [
              0.7660824467808854,
              49.37947430948857
            ],
            [
              0.7675470460620593,
              49.379589378075735
            ],
            [
              0.7675521872365765,
              49.37954667743715
            ],
            [
              0.7678643753913358,
              49.37695328533872
            ],
            [
              0.7681751842795703,
              49.37699543263702
            ],
            [
              0.7684054420597676,
              49.377018203268406
            ],
            [
              0.7684362169112359,
              49.37701877130415
            ]
          ]
        ],
        "type": "Polygon"
      },
      "properties": {
        "numero": "1",
        "ilot_numero": "20",
        "nom_affiche": "20-1",
        "cultureN_1": "CZH",
        "code_exploitation": "027161593",
        "surface_admissible": 989,
        "annee": 2025,
        "import_year": 2025,
        "overlap_warning": false
      }
    },
    {
      "type": "Feature",
      "id": "YcM4Zubw62QAvsOsJr7bvJtOGO9gtYsf",
      "geometry": {
        "coordinates": [
          [
            [
              0.7629626874118407,
              49.3853221489384
            ],
            [
              0.7619373441668248,
              49.385215123993646
            ],
            [
              0.760951462398474,
              49.38508881523929
            ],
            [
              0.7609507494764775,
              49.385017152628045
            ],
            [
              0.7611499581026229,
              49.384544289715244
            ],
            [
              0.76123270322673,
              49.38434336976323
            ],
            [
              0.7613444965676573,
              49.38406134146613
            ],
            [
              0.7614335700072277,
              49.38383221227489
            ],
            [
              0.7614624322705498,
              49.383755264793834
            ],
            [
              0.7614957190842623,
              49.383662703402045
            ],
            [
              0.7615684225414502,
              49.38362479854605
            ],
            [
              0.7616587843172921,
              49.38360029512158
            ],
            [
              0.7619376171387541,
              49.38353911491665
            ],
            [
              0.7622185556590696,
              49.38346552250748
            ],
            [
              0.7624988175751057,
              49.38338982446
            ],
            [
              0.7628461642823268,
              49.38327966810487
            ],
            [
              0.7633923713206412,
              49.3831170970988
            ],
            [
              0.7634577517355027,
              49.383097637060224
            ],
            [
              0.763228396407003,
              49.383564748887935
            ],
            [
              0.7631960779532928,
              49.38368838750994
            ],
            [
              0.7631757931185804,
              49.38381704782608
            ],
            [
              0.7631603063202621,
              49.38401826819844
            ],
            [
              0.7630160037982409,
              49.385327714065355
            ],
            [
              0.7629626874118407,
              49.3853221489384
            ]
          ]
        ],
        "type": "Polygon"
      },
      "properties": {
        "numero": "3",
        "ilot_numero": "21",
        "nom_affiche": "21-3",
        "cultureN_1": "BTH",
        "code_exploitation": "027161593",
        "surface_admissible": 279,
        "annee": 2025,
        "import_year": 2025,
        "overlap_warning": false
      }
    },
    {
      "type": "Feature",
      "id": "LvzFGrnviEICZTGH8R0Ry00EQBVJXpNk",
      "geometry": {
        "coordinates": [
          [
            [
              0.769564361749323,
              49.39014537188851
            ],
            [
              0.7698839511433277,
              49.390628159923935
            ],
            [
              0.7699308730041873,
              49.39094711033599
            ],
            [
              0.7668741614629815,
              49.390454077758555
            ],
            [
              0.7668211944602932,
              49.390381324946965
            ],
            [
              0.7670739717338445,
              49.38974389702493
            ],
            [
              0.769564361749323,
              49.39014537188851
            ]
          ]
        ],
        "type": "Polygon"
      },
      "properties": {
        "numero": "1",
        "ilot_numero": "22",
        "nom_affiche": "22-1",
        "cultureN_1": "MIS",
        "code_exploitation": "027161593",
        "surface_admissible": 172,
        "annee": 2025,
        "import_year": 2025,
        "overlap_warning": false
      }
    },
    {
      "type": "Feature",
      "id": "0alZfTBVKylYIqMYv28GNAcwDqOxxM9F",
      "geometry": {
        "coordinates": [
          [
            [
              0.7652581710597439,
              49.384974848158265
            ],
            [
              0.7652569660493314,
              49.38497315964649
            ],
            [
              0.7651281954292625,
              49.38479338387126
            ],
            [
              0.7646811313845074,
              49.38418520356148
            ],
            [
              0.7647876292001746,
              49.38420133575685
            ],
            [
              0.765462054570425,
              49.384363764398586
            ],
            [
              0.7660782999957123,
              49.38451428422555
            ],
            [
              0.7666389787787289,
              49.38465127637676
            ],
            [
              0.7679766884123571,
              49.38497876780087
            ],
            [
              0.768633947864457,
              49.38514277491441
            ],
            [
              0.7688108210306113,
              49.385187303449456
            ],
            [
              0.7703186256098512,
              49.385563052421645
            ],
            [
              0.7702214767197842,
              49.385721903302674
            ],
            [
              0.7700949781202461,
              49.38595340502225
            ],
            [
              0.7699340633252334,
              49.386024572082064
            ],
            [
              0.7698204314888457,
              49.38608745520641
            ],
            [
              0.7665400081190749,
              49.385285961534954
            ],
            [
              0.7656095620304936,
              49.3850529909804
            ],
            [
              0.7652581710597439,
              49.384974848158265
            ]
          ]
        ],
        "type": "Polygon"
      },
      "properties": {
        "numero": "1",
        "ilot_numero": "23",
        "nom_affiche": "23-1",
        "cultureN_1": "CZH",
        "code_exploitation": "027161593",
        "surface_admissible": 273,
        "annee": 2025,
        "import_year": 2025,
        "overlap_warning": false
      }
    },
    {
      "type": "Feature",
      "id": "tipWr8XJMhkio9HBqHBhWUltuUk0bF1x",
      "geometry": {
        "coordinates": [
          [
            [
              0.7541463612056041,
              49.385406527372204
            ],
            [
              0.7541873560774072,
              49.38540241589865
            ],
            [
              0.7541867420231345,
              49.38540079759459
            ],
            [
              0.7547645216362344,
              49.385324436080005
            ],
            [
              0.7547791667526935,
              49.38532047449449
            ],
            [
              0.7547904477711865,
              49.38531320337482
            ],
            [
              0.7547967022967045,
              49.3853036942946
            ],
            [
              0.7547970098270214,
              49.385293347328044
            ],
            [
              0.7546960182937512,
              49.384917557249935
            ],
            [
              0.7546987092530253,
              49.38491696787361
            ],
            [
              0.7546899044031564,
              49.38489045373687
            ],
            [
              0.7559406994186959,
              49.384616434784135
            ],
            [
              0.7560840869598316,
              49.384603169688276
            ],
            [
              0.7560878999265952,
              49.38463005148402
            ],
            [
              0.756090429359334,
              49.38462981786703
            ],
            [
              0.7562188883432086,
              49.385541861983185
            ],
            [
              0.7562174219900111,
              49.38554308198617
            ],
            [
              0.7562229659475226,
              49.38558215685811
            ],
            [
              0.755827332168776,
              49.38591138419521
            ],
            [
              0.7548561780486155,
              49.386726366627556
            ],
            [
              0.7547952268183076,
              49.386738702510925
            ],
            [
              0.7546653884321117,
              49.38660739557992
            ],
            [
              0.7545499288134176,
              49.3864249635309
            ],
            [
              0.7544174271900038,
              49.386120348666324
            ],
            [
              0.7541463612056041,
              49.385406527372204
            ]
          ]
        ],
        "type": "Polygon"
      },
      "properties": {
        "numero": "1",
        "ilot_numero": "24",
        "nom_affiche": "24-1",
        "cultureN_1": "LIF",
        "code_exploitation": "027161593",
        "surface_admissible": 214,
        "annee": 2025,
        "import_year": 2025,
        "overlap_warning": false
      }
    },
    {
      "type": "Feature",
      "id": "X66XKiOnDkl4x4Z6LKpqvqD588P72en5",
      "geometry": {
        "coordinates": [
          [
            [
              0.7560878999265952,
              49.38463005148402
            ],
            [
              0.7560840869598316,
              49.384603169688276
            ],
            [
              0.7561275882064178,
              49.384599145443055
            ],
            [
              0.7562615244680692,
              49.3855500698413
            ],
            [
              0.7562229659475226,
              49.38558215685811
            ],
            [
              0.7562174219900111,
              49.38554308198617
            ],
            [
              0.7562188883432086,
              49.385541861983185
            ],
            [
              0.756090429359334,
              49.38462981786703
            ],
            [
              0.7560878999265952,
              49.38463005148402
            ]
          ]
        ],
        "type": "Polygon"
      },
      "properties": {
        "numero": "2",
        "ilot_numero": "24",
        "nom_affiche": "24-2",
        "cultureN_1": "BOR",
        "code_exploitation": "027161593",
        "annee": 2025,
        "import_year": 2025,
        "overlap_warning": false
      }
    },
    {
      "type": "Feature",
      "id": "BJEvrHD0KAXmkaE2nQOGkZ2arO3aebNr",
      "geometry": {
        "coordinates": [
          [
            [
              0.7541873560774072,
              49.38540241589865
            ],
            [
              0.7541463612056041,
              49.385406527372204
            ],
            [
              0.7541362711990031,
              49.385379955166215
            ],
            [
              0.7547563259279585,
              49.38529800700765
            ],
            [
              0.75464919506522,
              49.38489937159454
            ],
            [
              0.7546899044031564,
              49.38489045373687
            ],
            [
              0.7546987092530253,
              49.38491696787361
            ],
            [
              0.7546960182937512,
              49.384917557249935
            ],
            [
              0.7547970098270214,
              49.385293347328044
            ],
            [
              0.7547967022967045,
              49.3853036942946
            ],
            [
              0.7547904477711865,
              49.38531320337482
            ],
            [
              0.7547791667526935,
              49.38532047449449
            ],
            [
              0.7547645216362344,
              49.385324436080005
            ],
            [
              0.7541867420231345,
              49.38540079759459
            ],
            [
              0.7541873560774072,
              49.38540241589865
            ]
          ]
        ],
        "type": "Polygon"
      },
      "properties": {
        "numero": "3",
        "ilot_numero": "24",
        "nom_affiche": "24-3",
        "cultureN_1": "BOR",
        "code_exploitation": "027161593",
        "annee": 2025,
        "import_year": 2025,
        "overlap_warning": false
      }
    },
    {
      "type": "Feature",
      "id": "WnWUNbCTgpdhj98lR53JqgBXNwBFyF8U",
      "geometry": {
        "coordinates": [
          [
            [
              0.753636814620404,
              49.390307471533
            ],
            [
              0.753481535045804,
              49.39031623908914
            ],
            [
              0.7525944686969009,
              49.39034966453464
            ],
            [
              0.7526112483798317,
              49.39025709404297
            ],
            [
              0.7526492155693146,
              49.39016886212094
            ],
            [
              0.7528089000716077,
              49.38990132842938
            ],
            [
              0.7530567630045722,
              49.38958223545997
            ],
            [
              0.7532226606904417,
              49.38931453511599
            ],
            [
              0.7539643704483449,
              49.389227251366506
            ],
            [
              0.754357716304798,
              49.389168013619965
            ],
            [
              0.7549086905396827,
              49.38909783792377
            ],
            [
              0.7557135649003406,
              49.389031597762255
            ],
            [
              0.7565662946998319,
              49.38897471964215
            ],
            [
              0.7569269456556909,
              49.388957948326045
            ],
            [
              0.7569985258126184,
              49.389534488256174
            ],
            [
              0.757524952173649,
              49.38949157074172
            ],
            [
              0.7576275458062763,
              49.39001333758988
            ],
            [
              0.7547197513857826,
              49.390217239178696
            ],
            [
              0.753636814620404,
              49.390307471533
            ]
          ]
        ],
        "type": "Polygon"
      },
      "properties": {
        "numero": "1",
        "ilot_numero": "25",
        "nom_affiche": "25-1",
        "cultureN_1": "CZH",
        "code_exploitation": "027161593",
        "surface_admissible": 383,
        "annee": 2025,
        "import_year": 2025,
        "overlap_warning": false
      }
    }
  ]
}